{"cameraMode":{"drawMode":0,"name":"Shaded","section":"Shading Mode"},"sceneLighting":true,"audioPlay":false,"sceneViewState":{"m_AlwaysRefresh":false,"showFog":true,"showSkybox":true,"showFlares":true,"showImageEffects":true,"showParticleSystems":true,"showVisualEffectGraphs":true,"m_FxEnabled":true},"in2DMode":false,"pivot":{"x":18.638093948364259,"y":-0.8290836811065674,"z":10.137157440185547},"rotation":{"x":0.029961012303829194,"y":0.5089425444602966,"z":-0.01770881563425064,"w":0.860100269317627},"size":12.12435531616211,"orthographic":false}