{"cameraMode":{"drawMode":0,"name":"Shaded","section":"Shading Mode"},"sceneLighting":false,"audioPlay":false,"sceneViewState":{"m_AlwaysRefresh":false,"showFog":true,"showSkybox":false,"showFlares":true,"showImageEffects":true,"showParticleSystems":true,"showVisualEffectGraphs":true,"m_FxEnabled":true},"in2DMode":false,"pivot":{"x":30.269100189208986,"y":1.9149768352508546,"z":3.615196704864502},"rotation":{"x":0.08875742554664612,"y":0.8333720564842224,"z":-0.17090995609760285,"w":0.5183566808700562},"size":0.4822129011154175,"orthographic":false}